id,data,hora_inicio,hora_fim,esporte,fase
FB001,03/08/2016,13:00,18:00,Futebol,Feminino - primeira fase
FB002,03/08/2016,15:00,20:00,Futebol,Feminino - primeira fase
FB003,03/08/2016,19:00,00:00,Futebol,Feminino - primeira fase
FB004,04/08/2016,13:00,18:00,Futebol,Masculino - primeira fase
FB005,04/08/2016,15:00,20:00,Futebol,Masculino - primeira fase
FB006,04/08/2016,17:00,22:00,Futebol,Masculino - primeira fase
FB007,04/08/2016,18:00,23:00,Futebol,Masculino - primeira fase
ZO001,05/08/2016,19:15,23:00,Cerimônia de Abertura,Cerimônia de Abertura
RO001,06/08/2016,08:30,13:10,Remo,Masculino e Feminino - Baterias
SH001,06/08/2016,08:30,16:15,Tiro esportivo,Masculino e Feminino - Classificatórias e Finais
FE001,06/08/2016,09:00,14:15,Esgrima,Espada Individual feminina - Preliminares; Oitavas e Quartas
AR003,06/08/2016,09:00,10:40,Tiro com arco,Masculino - Eliminatórias por equipes
WP001,06/08/2016,09:00,14:20,Polo aquático,Masculino - Primeira fase
TT001,06/08/2016,09:00,12:45,Tênis de mesa,Simples Masculino e Feminino - Preliminares e 1ª Rodada
VO001,06/08/2016,09:30,13:20,Voleibol,Feminino - Primeira fase
HB001,06/08/2016,09:30,13:00,Handebol,Feminino - Primeira fase
CR001,06/08/2016,09:30,16:15,Ciclismo de estrada,Prova de Estrada masculina - Final
EC001,06/08/2016,10:00,16:05,Hipismo CCE,CCE Adestramento Individual e por Equipes
JU001,06/08/2016,10:00,13:00,Judô,Masculino até 60kg e Feminino até 48kg
BV001,06/08/2016,10:00,13:50,Vôlei de praia,Masculino e/ou Feminino - Fase de grupos
HO001,06/08/2016,10:00,14:15,Hóquei sobre grama,Masculino - Fase de grupos
SH010,06/08/2016,10:30,11:30,Tiro esportivo,Feminino - Final
GA001,06/08/2016,10:30,13:00,Ginástica artística,Masculino - Classificatória
TE001,06/08/2016,10:45,16:30,Tênis,Masculino e Feminino - Simples e duplas
RU001,06/08/2016,11:00,14:00,Rugby,Feminino - Fase de grupos (6 Partidas)
TE002,06/08/2016,11:00,20:00,Tênis,Masculino e Feminino - Simples e duplas
TE003,06/08/2016,11:00,20:00,Tênis,Masculino e Feminino - Simples e duplas
TE004,06/08/2016,11:00,20:00,Tênis,Masculino e Feminino - Simples e duplas
HO002,06/08/2016,11:00,15:15,Hóquei sobre grama,Masculino - Fase de grupos
BX001,06/08/2016,11:00,13:15,Boxe,Masculino - Preliminares
BK001,06/08/2016,12:00,16:00,Basquetebol,Feminino - Primeira fase
SW001,06/08/2016,13:00,15:20,Natação,Masculino e Feminino - Eliminatórias
AR004,06/08/2016,14:00,17:45,Tiro com arco,Masculino - Quartas; Semis; Finais por equipes
BK002,06/08/2016,14:15,16:00,Basquetebol,Masculino - Primeira fase
GA002,06/08/2016,14:30,17:00,Ginástica artística,Masculino - Classificatória
TT002,06/08/2016,14:30,17:30,Tênis de mesa,Simples Masculino e Feminino - 1ª Rodada
HB002,06/08/2016,14:40,18:10,Handebol,Feminino - Primeira fase
VO002,06/08/2016,15:00,18:50,Voleibol,Feminino - Primeira fase
FB008,06/08/2016,15:00,20:00,Futebol,Feminino - primeira fase
JU002,06/08/2016,15:30,18:10,Judô,Masculino até 60kg e Feminino até 48kg - Finais
BV002,06/08/2016,15:30,19:20,Vôlei de praia,Masculino e/ou Feminino - Fase de grupos
SH011,06/08/2016,15:30,16:15,Tiro esportivo,Masculino - Final
FE002,06/08/2016,16:00,18:30,Esgrima,Espada Individual feminina - Semifinais; Bronze e Final
RU002,06/08/2016,16:00,19:00,Rugby,Feminino - Fase de grupos (6 Partidas)
HO003,06/08/2016,17:00,21:15,Hóquei sobre grama,Feminino - Fase de grupos
FB009,06/08/2016,17:00,22:00,Futebol,Feminino - primeira fase
BX002,06/08/2016,17:00,19:15,Boxe,Masculino - Preliminares
BK003,06/08/2016,17:30,21:30,Basquetebol,Feminino - Primeira fase
HO004,06/08/2016,18:00,22:15,Hóquei sobre grama,Masculino - Fase de grupos
GA003,06/08/2016,18:30,21:00,Ginástica artística,Masculino - Classificatória
TE005,06/08/2016,18:45,23:00,Tênis,Masculino e Feminino - Simples e duplas
WL001,06/08/2016,19:00,21:00,Levantamento de peso,Feminino 48kg - Final
FB010,06/08/2016,19:00,00:00,Futebol,Feminino - primeira fase
BK004,06/08/2016,19:00,20:45,Basquetebol,Masculino - Primeira fase
TT003,06/08/2016,19:00,22:00,Tênis de mesa,Simples Masculino e Feminino - 1ª e 2ª Rodada
WP003,06/08/2016,19:30,22:10,Polo aquático,Masculino - Primeira fase
HB003,06/08/2016,19:50,23:20,Handebol,Feminino - Primeira fase
VO003,06/08/2016,20:30,00:20,Voleibol,Feminino - Primeira fase
BV003,06/08/2016,21:00,00:50,Vôlei de praia,Masculino e/ou Feminino - Fase de grupos
SW002,06/08/2016,22:00,23:55,Natação,Masculino e Feminino - Semifinais e Finais
BK005,06/08/2016,22:30,00:15,Basquetebol,Masculino - Primeira fase
RO002,07/08/2016,08:30,12:30,Remo,Masculino e Feminino - Baterias e Repescagens
AR005,07/08/2016,09:00,10:40,Tiro com arco,Feminino - Eliminatórias por equipes
FE003,07/08/2016,09:00,14:15,Esgrima,Florete Individual masculino - Preliminares; Oitavas e QF
SH002,07/08/2016,09:00,16:20,Tiro esportivo,Masculino e Feminino - Classificatórias e Finais
TT004,07/08/2016,09:00,12:00,Tênis de mesa,Simples Masculino e Feminino - 2ª Rodada
VO004,07/08/2016,09:30,13:20,Voleibol,Masculino - Primeira fase
HB004,07/08/2016,09:30,13:00,Handebol,Masculino - Primeira fase
GA004,07/08/2016,09:45,13:00,Ginástica artística,Feminino - Classificatória
EC002,07/08/2016,10:00,15:55,Hipismo CCE,CCE Adestramento Individual e por Equipes
HO005,07/08/2016,10:00,14:15,Hóquei sobre grama,Feminino - Fase de grupos
WL002,07/08/2016,10:00,14:00,Levantamento de peso,Masculino 56kg; Feminino 53kg
JU003,07/08/2016,10:00,13:00,Judô,Masculino até 66kg e Feminino até 52kg
BV004,07/08/2016,10:00,13:50,Vôlei de praia,Masculino e/ou Feminino - Fase de grupos
TE006,07/08/2016,10:45,16:30,Tênis,Masculino e Feminino - Simples e duplas
HO006,07/08/2016,11:00,15:15,Hóquei sobre grama,Feminino - Fase de grupos
RU003,07/08/2016,11:00,14:00,Rugby,Feminino - Fase de grupos (6 Partidas)
TE007,07/08/2016,11:00,20:00,Tênis,Masculino e Feminino - Simples e duplas
TE008,07/08/2016,11:00,20:00,Tênis,Masculino e Feminino - Simples e duplas
TE009,07/08/2016,11:00,20:00,Tênis,Masculino e Feminino - Simples e duplas
BX003,07/08/2016,11:00,13:30,Boxe,Masculino - Preliminares
BK006,07/08/2016,12:00,16:00,Basquetebol,Feminino - Primeira fase
CR002,07/08/2016,12:15,16:35,Ciclismo de estrada,Prova de Estrada feminina - Final
CS001,07/08/2016,12:30,16:15,Canoagem slalom,Masculino - Classificatórias de canoa e caiaque
SW003,07/08/2016,13:00,15:30,Natação,Masculino e Feminino - Eliminatórias
FB013,07/08/2016,13:00,18:00,Futebol,Masculino - primeira fase
TT005,07/08/2016,13:30,16:30,Tênis de mesa,Simples Masculino e Feminino - 2ª Rodada
AR006,07/08/2016,14:00,17:45,Tiro com arco,Feminino - Quartas; Semis; Finais por equipes
BK007,07/08/2016,14:15,16:00,Basquetebol,Masculino - Primeira fase
GA005,07/08/2016,14:30,16:00,Ginástica artística,Feminino - Classificatória
HB005,07/08/2016,14:40,18:10,Handebol,Masculino - Primeira fase
VO005,07/08/2016,15:00,18:50,Voleibol,Masculino - Primeira fase
FB012,07/08/2016,15:00,20:00,Futebol,Masculino - primeira fase
WL003,07/08/2016,15:30,17:30,Levantamento de peso,Feminino 53kg - Final
JU004,07/08/2016,15:30,18:10,Judô,Masculino até 66kg e Feminino até 52kg - Finais
BV005,07/08/2016,15:30,19:20,Vôlei de praia,Masculino e/ou Feminino - Fase de grupos
RU004,07/08/2016,16:00,19:00,Rugby,Feminino - Disputa 9º-12º e Quartas de Final
FE004,07/08/2016,16:00,18:30,Esgrima,Florete Individual masculino - Semifinais; Bronze e Finais
DV001,07/08/2016,16:00,17:15,Saltos ornamentais,Sincronizado Trampolim 3m feminino - Final
HO007,07/08/2016,17:00,21:15,Hóquei sobre grama,Masculino - Fase de grupos
BX004,07/08/2016,17:00,19:30,Boxe,Masculino - Preliminares
GA006,07/08/2016,17:30,19:00,Ginástica artística,Feminino - Classificatória
BK008,07/08/2016,17:30,21:30,Basquetebol,Feminino - Primeira fase
HO008,07/08/2016,18:00,22:15,Hóquei sobre grama,Masculino - Fase de grupos
FB011,07/08/2016,18:00,23:00,Futebol,Masculino - primeira fase
TT006,07/08/2016,18:00,22:00,Tênis de mesa,Simples Masculino e Feminino - 3ª Rodada
TE010,07/08/2016,18:45,23:00,Tênis,Masculino e Feminino - Simples e duplas
WL004,07/08/2016,19:00,21:00,Levantamento de peso,Masculino 56kg - Final
FB014,07/08/2016,19:00,00:00,Futebol,Masculino - primeira fase
BK009,07/08/2016,19:00,20:45,Basquetebol,Masculino - Primeira fase
HB006,07/08/2016,19:50,23:20,Handebol,Masculino - Primeira fase
GA007,07/08/2016,20:30,22:00,Ginástica artística,Feminino - Classificatória
VO006,07/08/2016,20:30,00:20,Voleibol,Masculino - Primeira fase
BV006,07/08/2016,21:00,00:50,Vôlei de praia,Masculino e/ou Feminino - Fase de grupos
SW004,07/08/2016,22:00,00:25,Natação,Masculino e Feminino - Semifinais e Finais
BK010,07/08/2016,22:30,00:15,Basquetebol,Masculino - Primeira fase
RO003,08/08/2016,08:30,11:10,Remo,Masculino e Feminino - Baterias; Repescagens e Semifinais
SH003,08/08/2016,09:00,16:20,Tiro esportivo,Masculino - Classificatórias e Finais
AR007,08/08/2016,09:00,12:55,Tiro com arco,Masculino e feminino - Eliminatórias individuais
WP004,08/08/2016,09:00,14:20,Polo aquático,Masculino - Primeira fase
FE005,08/08/2016,09:00,13:05,Esgrima,Sabre Individual feminino - Preliminares; Oitavas e Quartas
VO007,08/08/2016,09:30,13:20,Voleibol,Feminino - Primeira fase
HB007,08/08/2016,09:30,13:00,Handebol,Feminino - Primeira fase
EC003,08/08/2016,10:00,15:00,Hipismo CCE,CCE Cross country
WL005,08/08/2016,10:00,14:00,Levantamento de peso,Masculino 62kg; Feminino 58kg
JU005,08/08/2016,10:00,13:00,Judô,Masculino até 73kg e Feminino até 57kg
BV007,08/08/2016,10:00,13:50,Vôlei de praia,Masculino e/ou Feminino - Fase de grupos
HO009,08/08/2016,10:00,14:15,Hóquei sobre grama,Masculino e Feminino - Fase de grupos
TT007,08/08/2016,10:00,14:00,Tênis de mesa,Simples Masculino e Feminino - 3ª Rodada
TE011,08/08/2016,10:45,16:30,Tênis,Masculino e Feminino - Simples e duplas
HO010,08/08/2016,11:00,15:15,Hóquei sobre grama,Masculino e Feminino - Fase de grupos
TE012,08/08/2016,11:00,20:00,Tênis,Masculino e Feminino - Simples e duplas
TE013,08/08/2016,11:00,20:00,Tênis,Masculino e Feminino - Simples e duplas
TE014,08/08/2016,11:00,20:00,Tênis,Masculino e Feminino - Simples e duplas
BX005,08/08/2016,11:00,14:00,Boxe,Masculino - Preliminares
BK011,08/08/2016,12:00,16:00,Basquetebol,Feminino - Primeira fase
RU005,08/08/2016,12:30,15:30,Rugby,Feminino - Disputa 5°-12º e Semifinais
CS002,08/08/2016,12:30,15:55,Canoagem slalom,Masculino e Feminino - Classificatórias de canoa e caiaque
SW005,08/08/2016,13:00,14:25,Natação,Masculino e Feminino - Eliminatórias
SA001,08/08/2016,13:00,15:40,Vela,Masculino e Feminino - Regatas
BK012,08/08/2016,14:15,16:00,Basquetebol,Masculino - Primeira fase
HB008,08/08/2016,14:40,18:10,Handebol,Feminino - Primeira fase
VO008,08/08/2016,15:00,18:50,Voleibol,Feminino - Primeira fase
AR008,08/08/2016,15:00,17:40,Tiro com arco,Masculino e feminino - Eliminatórias individuais
WL006,08/08/2016,15:30,17:30,Levantamento de peso,Feminino 58kg - Final
JU006,08/08/2016,15:30,18:10,Judô,Masculino até 73kg e Feminino até 57kg - Finais
BV008,08/08/2016,15:30,19:20,Vôlei de praia,Masculino e/ou Feminino - Fase de grupos
GA008,08/08/2016,16:00,19:05,Ginástica artística,Competição por Equipes masculina - Final
FE006,08/08/2016,16:00,18:30,Esgrima,Sabre Individual feminino - Semifinais; Bronze e Finais
TT008,08/08/2016,16:00,18:00,Tênis de mesa,Simples Masculino e Feminino - 4ª Rodada
DV002,08/08/2016,16:00,17:15,Saltos ornamentais,Sincronizado Plataforma 10m masculino - Final
HO011,08/08/2016,17:00,21:15,Hóquei sobre grama,Feminino - Fase de grupos
BX006,08/08/2016,17:00,20:00,Boxe,Masculino - Preliminares
RU006,08/08/2016,17:30,20:00,Rugby,Feminino - Disputa 5°-8º; Bronze e Final
BK013,08/08/2016,17:30,21:30,Basquetebol,Feminino - Primeira fase
HO012,08/08/2016,18:00,22:15,Hóquei sobre grama,Feminino - Fase de grupos
TE015,08/08/2016,18:45,23:00,Tênis,Masculino e Feminino - Simples e duplas
WL007,08/08/2016,19:00,21:00,Levantamento de peso,Masculino 62kg - Final
BK014,08/08/2016,19:00,20:45,Basquetebol,Masculino - Primeira fase
WP006,08/08/2016,19:30,22:10,Polo aquático,Masculino - Primeira fase
HB009,08/08/2016,19:50,23:20,Handebol,Feminino - Primeira fase
VO009,08/08/2016,20:30,00:20,Voleibol,Feminino - Primeira fase
TT009,08/08/2016,20:30,22:30,Tênis de mesa,Simples Masculino e Feminino - 4ª Rodada
BV009,08/08/2016,21:00,00:50,Vôlei de praia,Masculino e/ou Feminino - Fase de grupos
SW006,08/08/2016,22:00,00:00,Natação,Masculino e Feminino - Semifinais e Finais
BK015,08/08/2016,22:30,00:15,Basquetebol,Masculino - Primeira fase
RO004,09/08/2016,08:30,11:50,Remo,Masculino e Feminino - Quartas de final e Semifinais
FE007,09/08/2016,09:00,14:15,Esgrima,Espada Individual masculina - Preliminares; Oitavas e QF
SH004,09/08/2016,09:00,16:35,Tiro esportivo,Feminino - Classificatórias e Finais
WP007,09/08/2016,09:00,14:20,Polo aquático,Feminino - Primeira fase
AR009,09/08/2016,09:00,12:55,Tiro com arco,Masculino e feminino - Eliminatórias individuais
VO010,09/08/2016,09:30,13:20,Voleibol,Masculino - Primeira fase
HB010,09/08/2016,09:30,13:00,Handebol,Masculino - Primeira fase
EC004,09/08/2016,10:00,15:25,Hipismo CCE,CCE Saltos Individual e por Equipes - Final
WL008,09/08/2016,10:00,14:00,Levantamento de peso,Masculino 69kg; Feminino 63kg
JU007,09/08/2016,10:00,13:00,Judô,Masculino até 81kg e Feminino até 63kg
BV010,09/08/2016,10:00,13:50,Vôlei de praia,Masculino e/ou Feminino - Fase de grupos
HO013,09/08/2016,10:00,14:15,Hóquei sobre grama,Masculino - Fase de grupos
TT010,09/08/2016,10:00,14:00,Tênis de mesa,Simples Feminino - Quartas de Final
TE016,09/08/2016,10:45,16:30,Tênis,Masculino e Feminino - Simples 2° e 3° rodadas; Duplas QF
TE018,09/08/2016,11:00,20:00,Tênis,Masculino e Feminino - Simples 2° e 3° rodadas; Duplas QF
TE017,09/08/2016,11:00,20:00,Tênis,Masculino e Feminino - Simples 2° e 3° rodadas; Duplas QF
TE019,09/08/2016,11:00,20:00,Tênis,Masculino e Feminino - Simples 2° e 3° rodadas; Duplas QF
HO014,09/08/2016,11:00,15:15,Hóquei sobre grama,Masculino - Fase de grupos
RU007,09/08/2016,11:00,14:00,Rugby,Masculino - Fase de grupos (6 Partidas)
BX007,09/08/2016,11:00,13:15,Boxe,Masculino - Preliminares
BK016,09/08/2016,12:15,14:00,Basquetebol,Feminino - Primeira fase
SW007,09/08/2016,13:00,14:45,Natação,Masculino e Feminino - Eliminatórias
SA002,09/08/2016,13:00,15:40,Vela,Masculino e Feminino - Regatas
CS003,09/08/2016,13:30,16:10,Canoagem slalom,Canoa Individual masculina - Semifinais e Final
BK017,09/08/2016,14:15,16:00,Basquetebol,Masculino - Primeira fase
HB011,09/08/2016,14:40,18:10,Handebol,Masculino - Primeira fase
AR010,09/08/2016,15:00,17:40,Tiro com arco,Masculino e feminino - Eliminatórias individuais
VO011,09/08/2016,15:00,18:50,Voleibol,Masculino - Primeira fase
WL009,09/08/2016,15:30,17:30,Levantamento de peso,Feminino 63kg
SH012,09/08/2016,15:30,16:35,Tiro esportivo,Feminino - Final
BK018,09/08/2016,15:30,19:30,Basquetebol,Feminino - Primeira fase
JU008,09/08/2016,15:30,18:10,Judô,Masculino até 81kg e Feminino até 63kg - Finais
BV011,09/08/2016,15:30,19:20,Vôlei de praia,Masculino e/ou Feminino - Fase de grupos
GA009,09/08/2016,16:00,18:20,Ginástica artística,Competição por Equipes feminina - Final
FE008,09/08/2016,16:00,18:30,Esgrima,Espada Individual masculina - Semifinais; Bronze e Finais
FB015,09/08/2016,16:00,18:00,Futebol,Feminino - primeira fase
FB016,09/08/2016,16:00,21:00,Futebol,Feminino - primeira fase
RU008,09/08/2016,16:00,19:00,Rugby,Masculino - Fase de grupos (6 Partidas)
TT011,09/08/2016,16:00,18:00,Tênis de mesa,Simples Masculino - Quartas de Final
DV003,09/08/2016,16:00,17:15,Saltos ornamentais,Sincronizado Plataforma 10m feminino - Final
BX008,09/08/2016,17:00,19:15,Boxe,Masculino - Preliminares
FB017,09/08/2016,18:00,23:00,Futebol,Feminino - primeira fase
HO015,09/08/2016,18:00,22:15,Hóquei sobre grama,Masculino - Fase de grupos
TE020,09/08/2016,18:45,23:00,Tênis,Masculino e Feminino - Simples 2° e 3° rodadas; Duplas QF
WL010,09/08/2016,19:00,21:00,Levantamento de peso,Masculino 69kg
BK019,09/08/2016,19:00,20:45,Basquetebol,Masculino - Primeira fase
HB012,09/08/2016,19:50,23:20,Handebol,Masculino - Primeira fase
VO012,09/08/2016,20:30,00:20,Voleibol,Masculino - Primeira fase
TT012,09/08/2016,20:30,22:30,Tênis de mesa,Simples Masculino - Quartas de Final
BV012,09/08/2016,21:00,00:50,Vôlei de praia,Masculino e/ou Feminino - Fase de grupos
FB018,09/08/2016,22:00,00:00,Futebol,Feminino - primeira fase
SW008,09/08/2016,22:00,00:10,Natação,Masculino e Feminino - Semifinais e Finais
BK020,09/08/2016,22:30,00:15,Basquetebol,Masculino - Primeira fase
CR003,10/08/2016,08:30,13:20,Ciclismo de estrada,Masculino e Feminino - Contrarrelógio
FE009,10/08/2016,08:30,16:00,Esgrima,Masculino e Feminino - Sabre individual e Florete individual
RO005,10/08/2016,08:30,12:40,Remo,Masculino e Feminino - Semifinais e Final
SH005,10/08/2016,09:00,16:15,Tiro esportivo,Masculino - Classificatórias e Finais
AR011,10/08/2016,09:00,12:55,Tiro com arco,Masculino e feminino - Eliminatórias individuais
WP009,10/08/2016,09:00,14:20,Polo aquático,Masculino - Primeira fase
VO013,10/08/2016,09:30,13:20,Voleibol,Feminino - Primeira fase
HB013,10/08/2016,09:30,13:00,Handebol,Feminino - Primeira fase
ED001,10/08/2016,10:00,16:00,Hipismo adestramento,Adestramento por Equipes - Preliminares
HO016,10/08/2016,10:00,14:15,Hóquei sobre grama,Feminino - Fase de grupos
WL011,10/08/2016,10:00,14:00,Levantamento de peso,Masculino 77kg; Feminino 69kg
JU009,10/08/2016,10:00,13:00,Judô,Masculino até 90kg e Feminino até 70kg
BV013,10/08/2016,10:00,13:50,Vôlei de praia,Masculino e/ou Feminino - Fase de grupos
TT013,10/08/2016,10:00,12:00,Tênis de mesa,Simples Feminino - Semifinais
TE021,10/08/2016,10:45,16:30,Tênis,Masculino e Feminino - Simples 3° rodada; QF; Duplas QF e SF
HO017,10/08/2016,11:00,15:15,Hóquei sobre grama,Feminino - Fase de grupos
TE023,10/08/2016,11:00,20:00,Tênis,Masculino e Feminino - Simples 3° rodada; QF; Duplas QF; SF
TE022,10/08/2016,11:00,20:00,Tênis,Masculino e Feminino - Simples 3° rodada; QF; Duplas QF e SF
RU009,10/08/2016,11:00,14:00,Rugby,Masculino - Fase de grupos (6 Partidas)
BX009,10/08/2016,11:00,14:00,Boxe,Masculino - Preliminares e Quartas de final
TE024,10/08/2016,11:00,20:00,Tênis,Masculino - Simples 3° rodada; Duplas mistas 1° rodada
BK021,10/08/2016,12:15,14:00,Basquetebol,Feminino - Primeira fase
SW009,10/08/2016,13:00,15:00,Natação,Masculino e Feminino - Eliminatórias
SA003,10/08/2016,13:00,15:35,Vela,Masculino e Feminino - Regatas
FB020,10/08/2016,13:00,18:00,Futebol,Masculino - primeira fase
FB019,10/08/2016,13:00,18:00,Futebol,Masculino - primeira fase
CS004,10/08/2016,13:30,16:15,Canoagem slalom,Caiaque masculino - Semifinal e Final
BK022,10/08/2016,14:15,16:00,Basquetebol,Masculino - Primeira fase
HB014,10/08/2016,14:40,18:10,Handebol,Feminino - Primeira fase
VO014,10/08/2016,15:00,18:50,Voleibol,Feminino - Primeira fase
AR012,10/08/2016,15:00,18:55,Tiro com arco,Masculino e feminino - Eliminatórias individuais
WL012,10/08/2016,15:30,17:30,Levantamento de peso,Feminino 69kg - Final
BK023,10/08/2016,15:30,19:30,Basquetebol,Feminino - Primeira fase
JU010,10/08/2016,15:30,18:10,Judô,Masculino até 90kg e Feminino até 70kg - Finais
BV014,10/08/2016,15:30,19:20,Vôlei de praia,Masculino e/ou Feminino - Fase de grupos
GA010,10/08/2016,16:00,18:45,Ginástica artística,Competição Individual Geral masculina - Final
RU010,10/08/2016,16:00,19:00,Rugby,Masculino - Disputa 9º-12º e Quartas de Final
DV004,10/08/2016,16:00,17:15,Saltos ornamentais,Sincronizado Trampolim 3m masculino - Final
HO018,10/08/2016,17:00,21:15,Hóquei sobre grama,Masculino e Feminino - Fase de grupos
BX010,10/08/2016,17:00,20:00,Boxe,Masculino - Preliminares e Quartas de final
FE010,10/08/2016,17:30,21:30,Esgrima,Masculino e Feminino - Sabre individual e Florete individual
HO019,10/08/2016,18:00,22:15,Hóquei sobre grama,Masculino e Feminino - Fase de grupos
TE025,10/08/2016,18:45,23:00,Tênis,Masculino e Feminino - Simples 3° rodada; QF; Duplas QF; SF
WL013,10/08/2016,19:00,21:00,Levantamento de peso,Masculino 77kg - Final
FB021,10/08/2016,19:00,00:00,Futebol,Masculino - primeira fase
FB022,10/08/2016,19:00,00:00,Futebol,Masculino - primeira fase
BK024,10/08/2016,19:00,20:45,Basquetebol,Masculino - Primeira fase
WP011,10/08/2016,19:30,22:10,Polo aquático,Masculino - Primeira fase
HB015,10/08/2016,19:50,23:20,Handebol,Feminino - Primeira fase
VO015,10/08/2016,20:30,00:20,Voleibol,Feminino - Primeira fase
TT014,10/08/2016,20:30,22:45,Tênis de mesa,Simples Feminino - Finais
BV015,10/08/2016,21:00,00:50,Vôlei de praia,Masculino e/ou Feminino - Fase de grupos
SW010,10/08/2016,22:00,00:30,Natação,Masculino e Feminino - Semifinais e Finais
BK025,10/08/2016,22:30,00:15,Basquetebol,Masculino - Primeira fase
GO001,11/08/2016,07:30,16:00,Golfe,Masculino - Volta 1
BD001,11/08/2016,08:00,14:00,Badminton,Simples e duplas femininas e masculinas; Duplas mistas
RO006,11/08/2016,08:30,11:15,Remo,Masculino e Feminino - Semifinais e Final
FE011,11/08/2016,09:00,15:30,Esgrima,Espada por equipes feminina - Oitavas; Quartas; Semifinais
SH006,11/08/2016,09:00,13:15,Tiro esportivo,Feminino - Classificatórias e Finais
AR013,11/08/2016,09:00,10:45,Tiro com arco,Feminino - Oitavas de final
WP012,11/08/2016,09:00,14:20,Polo aquático,Feminino - Primeira fase
VO016,11/08/2016,09:30,13:20,Voleibol,Masculino - Primeira fase
HB016,11/08/2016,09:30,13:00,Handebol,Masculino - Primeira fase
ED002,11/08/2016,10:00,16:00,Hipismo adestramento,Adestramento por Equipes - Preliminares
JU011,11/08/2016,10:00,13:00,Judô,Masculino até 100kg e Feminino até 78kg
BV016,11/08/2016,10:00,13:50,Vôlei de praia,Masculino e/ou Feminino - Fase de grupos
HO020,11/08/2016,10:00,14:15,Hóquei sobre grama,Masculino - Fase de grupos
TT015,11/08/2016,10:00,12:00,Tênis de mesa,Simples Masculino - Semifinais
HO021,11/08/2016,11:00,15:15,Hóquei sobre grama,Masculino - Fase de grupos
BX011,11/08/2016,11:00,14:00,Boxe,Masculino - Preliminares
TE028,11/08/2016,12:00,20:00,Tênis,Duplas femininas - Semifinal; Duplas mistas - Quartas
SH013,11/08/2016,12:00,13:15,Tiro esportivo,Feminino - Final
TE027,11/08/2016,12:00,20:00,Tênis,Masculino e Feminino - Simples QF; Duplas QF e Semifinais
TE026,11/08/2016,12:00,20:00,Tênis,Masculino e Feminino - Simples QF e SF; Duplas QF e SF
BK026,11/08/2016,12:15,14:00,Basquetebol,Feminino - Primeira fase
CS005,11/08/2016,12:30,16:00,Canoagem slalom,Masculino - Canoa SF; Final; Feminino - Caiaque SF; Final
RU011,11/08/2016,12:30,15:30,Rugby,Masculino - Disputa 5°-12º e Semifinais
SW011,11/08/2016,13:00,16:00,Natação,Masculino e Feminino - Eliminatórias
SA004,11/08/2016,13:00,15:40,Vela,Masculino e Feminino - Regatas
BK027,11/08/2016,14:15,16:00,Basquetebol,Masculino - Primeira fase
HB017,11/08/2016,14:40,18:10,Handebol,Masculino - Primeira fase
AR014,11/08/2016,15:00,17:10,Tiro com arco,Feminino - Quartas de final; Semifinais; Final
VO017,11/08/2016,15:00,18:50,Voleibol,Masculino - Primeira fase
BK028,11/08/2016,15:30,19:30,Basquetebol,Feminino - Primeira fase
JU012,11/08/2016,15:30,18:10,Judô,Masculino até 100kg e Feminino até 78kg - Finais
BV017,11/08/2016,15:30,19:20,Vôlei de praia,Masculino e/ou Feminino - Fase de grupos
BD002,11/08/2016,15:30,18:00,Badminton,Simples e duplas femininas e masculinas; Duplas mistas
GA011,11/08/2016,16:00,18:10,Ginástica artística,Competição Individual Geral feminina - Final
CT001,11/08/2016,16:00,18:45,Ciclismo de pista,Masculino - Classific.; SF e Final; Feminino - Classific.
FE012,11/08/2016,17:00,19:50,Esgrima,Espada por Equipes feminina - Bronze e Final
HO022,11/08/2016,17:00,21:15,Hóquei sobre grama,Feminino - Fase de grupos
BX012,11/08/2016,17:00,20:00,Boxe,Masculino - Preliminares
RU012,11/08/2016,17:30,20:00,Rugby,Masculino - Disputa 5°-8º; Bronze e Final
HO023,11/08/2016,18:00,22:15,Hóquei sobre grama,Feminino - Fase de grupos
BK029,11/08/2016,19:00,20:45,Basquetebol,Masculino - Primeira fase
BD003,11/08/2016,19:30,23:00,Badminton,Simples e duplas femininas e masculinas; Duplas mistas
HB018,11/08/2016,19:50,23:20,Handebol,Masculino - Primeira fase
VO018,11/08/2016,20:30,00:20,Voleibol,Masculino - Primeira fase
TT016,11/08/2016,20:30,22:45,Tênis de mesa,Simples Masculino - Bronze e Finais
BV018,11/08/2016,21:00,00:50,Vôlei de praia,Masculino e/ou Feminino - Fase de grupos e Repescagem
SW012,11/08/2016,22:00,23:55,Natação,Masculino e Feminino - Semifinais e Finais
BK030,11/08/2016,22:30,00:15,Basquetebol,Masculino - Primeira fase
GO002,12/08/2016,07:30,16:00,Golfe,Masculino - Volta 2
BD004,12/08/2016,08:00,14:00,Badminton,Simples e duplas femininas e masculinas; Duplas mistas
RO007,12/08/2016,08:30,11:15,Remo,Masculino e Feminino - Final
FE013,12/08/2016,09:00,15:30,Esgrima,Florete por equipes masculino - Oitavas; Quartas; Semifinais
SH007,12/08/2016,09:00,16:20,Tiro esportivo,Masculino e feminino - Classificatórias e Finais
WP014,12/08/2016,09:00,13:00,Polo aquático,Masculino - Primeira fase
AR015,12/08/2016,09:00,10:45,Tiro com arco,Oitavas de final da competição individual masculina
VO019,12/08/2016,09:30,13:20,Voleibol,Feminino - Primeira fase
HB019,12/08/2016,09:30,13:00,Handebol,Feminino - Primeira fase
AT001,12/08/2016,09:30,13:10,Atletismo,Masculino e Feminino - Preliminares; Final
ED003,12/08/2016,10:00,16:40,Hipismo adestramento,Adestramento por Equipes - Finais
TT017,12/08/2016,10:00,13:00,Tênis de mesa,Equipes Femininas - Primeira Rodada
WL014,12/08/2016,10:00,14:00,Levantamento de peso,Masculino 85kg; Feminino 75kg
JU013,12/08/2016,10:00,13:00,Judô,Masculino acima de 100kg e Feminino acima de 78kg
HO024,12/08/2016,10:00,14:15,Hóquei sobre grama,Masculino e Feminino - Fase de grupos
BV019,12/08/2016,11:00,12:50,Vôlei de praia,Masculino e/ou Feminino - Oitavas de final
HO025,12/08/2016,11:00,15:15,Hóquei sobre grama,Masculino e Feminino - Fase de grupos
BX013,12/08/2016,11:00,13:45,Boxe,Masculino e Feminino - Preliminares; Quartas e Semifinais
TE030,12/08/2016,12:00,20:00,Tênis,Duplas masculinas - Bronze; Duplas mistas - Semifinais
TE029,12/08/2016,12:00,20:00,Tênis,Simples masculino - Semifinal; Duplas masculinas - Final
BK031,12/08/2016,12:15,14:00,Basquetebol,Feminino - Primeira fase
FB023,12/08/2016,13:00,15:00,Futebol,Feminino - quarta de final
SW013,12/08/2016,13:00,15:35,Natação,Masculino e Feminino - Eliminatórias
SA005,12/08/2016,13:00,15:40,Vela,Masculino e Feminino - Regatas
GT001,12/08/2016,14:00,16:30,Ginástica de trampolim,Rotina classificatória feminina - Final
BK032,12/08/2016,14:15,16:00,Basquetebol,Masculino - Primeira fase
AW001,12/08/2016,14:30,16:45,Atletismo (Marcha atlética),Marcha atlética 20km masculina
HB020,12/08/2016,14:40,18:10,Handebol,Feminino - Primeira fase
TT018,12/08/2016,15:00,18:00,Tênis de mesa,Equipes Femininas - Primeira Rodada
VO020,12/08/2016,15:00,18:50,Voleibol,Feminino - Primeira fase
BV020,12/08/2016,15:00,16:50,Vôlei de praia,Masculino e/ou Feminino - Oitavas de final
AR016,12/08/2016,15:00,17:10,Tiro com arco,Masculino - Quartas de final; Semifinais; Finais
WL015,12/08/2016,15:30,17:30,Levantamento de peso,Feminino 75kg - Final
BK034,12/08/2016,15:30,19:30,Basquetebol,Feminino - Primeira fase
JU014,12/08/2016,15:30,18:10,Judô,Masculino acima de 100kg e Feminino acima de 78kg - Finais
BD005,12/08/2016,15:30,18:00,Badminton,Simples e duplas femininas e masculinas; Duplas mistas
DV005,12/08/2016,15:30,18:30,Saltos ornamentais,Trampolim 3m feminino - Preliminar
FB024,12/08/2016,16:00,18:00,Futebol,Feminino - quarta de final
CT002,12/08/2016,16:00,19:10,Ciclismo de pista,Masculino e Feminino - Classificatórias; Semifinais e Finais
FE014,12/08/2016,17:00,19:50,Esgrima,Florete por Equipes masculino - Bronze e Final
BX014,12/08/2016,17:00,19:45,Boxe,Masculino e Feminino - Preliminares e Quartas de final
HO026,12/08/2016,17:00,21:15,Hóquei sobre grama,Masculino - Fase de grupos
HO027,12/08/2016,18:00,22:15,Hóquei sobre grama,Masculino - Fase de grupos
FB025,12/08/2016,19:00,21:00,Futebol,Feminino - quarta de final
WL016,12/08/2016,19:00,21:00,Levantamento de peso,Masculino 85kg
BV021,12/08/2016,19:00,20:50,Vôlei de praia,Masculino e/ou Feminino - Oitavas de final
BK033,12/08/2016,19:00,20:45,Basquetebol,Masculino - Primeira fase
TT019,12/08/2016,19:30,22:30,Tênis de mesa,Equipes Masculinas - Primeira Rodada
WP016,12/08/2016,19:30,23:30,Polo aquático,Masculino - Primeira fase
BD006,12/08/2016,19:30,23:00,Badminton,Simples e duplas femininas e masculinas; Duplas mistas
HB021,12/08/2016,19:50,23:20,Handebol,Feminino - Primeira fase
AT002,12/08/2016,20:20,23:25,Atletismo,Masculino e Feminino - Preliminares; Final
VO021,12/08/2016,20:30,00:20,Voleibol,Feminino - Primeira fase
FB026,12/08/2016,22:00,00:00,Futebol,Feminino - quarta de final
SW014,12/08/2016,22:00,23:30,Natação,Masculino e Feminino - Semifinais e Finais
BK035,12/08/2016,22:30,00:15,Basquetebol,Masculino - Primeira fase
BV022,12/08/2016,23:00,00:50,Vôlei de praia,Masculino e/ou Feminino - Oitavas de final
GO003,13/08/2016,07:30,16:00,Golfe,Masculino - Volta 3
BD007,13/08/2016,08:00,14:00,Badminton,Simples e duplas femininas e masculinas; Duplas mistas
WP017,13/08/2016,09:00,14:20,Polo aquático,Feminino - Primeira fase
SH008,13/08/2016,09:00,16:20,Tiro esportivo,Masculino - Classificatórias e Finais
FE015,13/08/2016,09:00,13:30,Esgrima,Sabre por equipes feminino - Oitavas; Quartas e Semifinais
RO008,13/08/2016,09:30,12:00,Remo,Masculino e Feminino - Final
AT003,13/08/2016,09:30,12:50,Atletismo,Masculino e Feminino - Preliminares; Final
VO022,13/08/2016,09:30,13:20,Voleibol,Masculino - Primeira fase
HB022,13/08/2016,09:30,13:00,Handebol,Masculino - Primeira fase
TT020,13/08/2016,10:00,13:00,Tênis de mesa,Equipes Femininas - Quartas de Final
HO028,13/08/2016,10:00,14:15,Hóquei sobre grama,Feminino - Fase de grupos
CT003,13/08/2016,10:00,11:40,Ciclismo de pista,Masculino - Oitavas; Feminino - Classificatórias e Semis
BV023,13/08/2016,11:00,12:50,Vôlei de praia,Masculino e/ou Feminino - Oitavas de final
BX015,13/08/2016,11:00,14:00,Boxe,Masculino - Preliminares; Quartas de final e Semifinal
TE032,13/08/2016,12:00,20:00,Tênis,Duplas femininas - Bronze; Duplas mistas - Bronze
TE031,13/08/2016,12:00,20:00,Tênis,Simples masculino - Bronze; Simples feminino - Bronze; Final
BK036,13/08/2016,12:15,14:00,Basquetebol,Feminino - Primeira fase
SA006,13/08/2016,13:00,15:35,Vela,Masculino e Feminino - Regatas
FB027,13/08/2016,13:00,15:00,Futebol,Masculino - quarta de final
GT002,13/08/2016,14:00,16:30,Ginástica de trampolim,Rotina classificatória masculina - Final
BK037,13/08/2016,14:15,16:00,Basquetebol,Masculino - Primeira fase
HB023,13/08/2016,14:40,18:10,Handebol,Masculino - Primeira fase
TT021,13/08/2016,15:00,18:00,Tênis de mesa,Equipes Masculinas - Primeira Rodada
BV024,13/08/2016,15:00,16:50,Vôlei de praia,Masculino e/ou Feminino - Oitavas de final
VO023,13/08/2016,15:00,18:50,Voleibol,Masculino - Primeira fase
BK039,13/08/2016,15:30,19:30,Basquetebol,Feminino - Primeira fase
WL017,13/08/2016,15:30,17:30,Levantamento de peso,Masculino 94kg
BD008,13/08/2016,15:30,18:00,Badminton,Simples e duplas femininas e masculinas; Duplas mistas
FB028,13/08/2016,16:00,18:00,Futebol,Masculino - quarta de final
CT004,13/08/2016,16:00,18:25,Ciclismo de pista,Masculino - Quartas e Semis; Feminino - Classific. e Final
DV006,13/08/2016,16:00,17:40,Saltos ornamentais,Trampolim 3m feminino - Semifinal
HO029,13/08/2016,17:00,21:15,Hóquei sobre grama,Feminino - Fase de grupos
BX016,13/08/2016,17:00,20:00,Boxe,Masculino - Preliminares; Quartas de final e Semifinal
FE016,13/08/2016,17:00,19:35,Esgrima,Sabre por Equipes feminino - Bronze e Final
HO030,13/08/2016,18:00,22:15,Hóquei sobre grama,Feminino - Fase de grupos
WL018,13/08/2016,19:00,21:00,Levantamento de peso,Masculino 94kg - Final
BV025,13/08/2016,19:00,20:50,Vôlei de praia,Masculino e/ou Feminino - Oitavas de final
BK038,13/08/2016,19:00,20:45,Basquetebol,Masculino - Primeira fase
FB029,13/08/2016,19:00,21:00,Futebol,Masculino - quarta de final
TT022,13/08/2016,19:30,22:30,Tênis de mesa,Equipes Femininas - Quartas de Final
BD009,13/08/2016,19:30,23:00,Badminton,Simples e duplas femininas e masculinas
HB024,13/08/2016,19:50,23:20,Handebol,Masculino - Primeira fase
AT004,13/08/2016,20:00,23:25,Atletismo,Masculino e Feminino - Preliminares; Semifinais; Finais
VO024,13/08/2016,20:30,00:20,Voleibol,Masculino - Primeira fase
SW015,13/08/2016,22:00,23:40,Natação,Masculino e Feminino - Finais
FB030,13/08/2016,22:00,00:00,Futebol,Masculino - quarta de final
BK040,13/08/2016,22:30,00:15,Basquetebol,Masculino - Primeira fase
BV026,13/08/2016,23:00,00:50,Vôlei de praia,Masculino e/ou Feminino - Oitavas de final
GO004,14/08/2016,07:00,15:50,Golfe,Masculino - Volta final
BD010,14/08/2016,08:00,13:30,Badminton,Simples feminino e masculino
FE017,14/08/2016,09:00,15:30,Esgrima,Espada por equipes masculina - Oitavas; Quartas e Semifinais
AM001,14/08/2016,09:00,12:45,Atletismo (Maratona),Maratona feminina
SH009,14/08/2016,09:00,14:15,Tiro esportivo,Masculino - Classificatórias e Finais
VO025,14/08/2016,09:30,13:20,Voleibol,Feminino - Primeira fase
HB025,14/08/2016,09:30,13:00,Handebol,Feminino - Primeira fase
TT023,14/08/2016,10:00,13:00,Tênis de mesa,Equipes Masculinas - Quartas de Final
WG001,14/08/2016,10:00,13:00,Luta greco-romana,Masculino 59kg; 75kg
HO031,14/08/2016,10:00,14:45,Hóquei sobre grama,Masculino - Quartas de final
ES001,14/08/2016,10:00,13:40,Hipismo saltos,Salto Individual - Classificatória
SY001,14/08/2016,11:00,13:15,Nado sincronizado,Feminino - Dueto Rotina Livre
BX017,14/08/2016,11:00,14:45,Boxe,Masculino e Feminino - Preliminares; Quartas; Semis e Finais
TE033,14/08/2016,12:00,20:00,Tênis,Simples masculino; duplas femininas e duplas mistas - Final
BK041,14/08/2016,12:15,14:00,Basquetebol,Feminino - Primeira fase
WP019,14/08/2016,12:50,18:10,Polo aquático,Masculino - Primeira fase
SA007,14/08/2016,13:00,16:45,Vela,Masculino e Feminino - Regatas; Regatas das Medalhas
SH014,14/08/2016,13:00,14:15,Tiro esportivo,Masculino - Final
GA012,14/08/2016,14:00,17:05,Ginástica artística,Masculino e Feminino - Finais de aparelhos
BK042,14/08/2016,14:15,16:00,Basquetebol,Masculino - Primeira fase
HB026,14/08/2016,14:40,18:10,Handebol,Feminino - Primeira fase
TT024,14/08/2016,15:00,18:00,Tênis de mesa,Equipes Masculinas - Quartas de Final
VO026,14/08/2016,15:00,18:50,Voleibol,Feminino - Primeira fase
BK044,14/08/2016,15:30,19:30,Basquetebol,Feminino - Primeira fase
BD011,14/08/2016,15:30,18:00,Badminton,Simples feminino e masculino
BV027,14/08/2016,16:00,17:50,Vôlei de praia,Feminino - Quartas de final
WG002,14/08/2016,16:00,19:00,Luta greco-romana,Masculino 59kg; 75kg - Finais
CT005,14/08/2016,16:00,20:00,Ciclismo de pista,Masculino - Finais; Feminino - Classificatórias e Repescagem
DV007,14/08/2016,16:00,17:30,Saltos ornamentais,Trampolim 3m feminino - Final
FE018,14/08/2016,17:00,19:50,Esgrima,Espada por Equipes masculina - Bronze e Final
BX018,14/08/2016,17:00,20:15,Boxe,Masculino e Feminino - Preliminares; Quartas e Semifinais
HO032,14/08/2016,18:00,22:45,Hóquei sobre grama,Masculino - Quartas de final
WL019,14/08/2016,19:00,21:00,Levantamento de peso,Feminino acima de 75kg - Final
BK043,14/08/2016,19:00,20:45,Basquetebol,Masculino - Primeira fase
TT025,14/08/2016,19:30,22:30,Tênis de mesa,Equipes Femininas - Semifinais
WP020,14/08/2016,19:30,22:10,Polo aquático,Masculino - Primeira fase
BD012,14/08/2016,19:30,22:30,Badminton,Simples feminino; Duplas mistas - Quartas
HB027,14/08/2016,19:50,23:20,Handebol,Feminino - Primeira fase
AT005,14/08/2016,20:20,22:30,Atletismo,Masculino e Feminino - Preliminares; Semifinais; Finais
VO027,14/08/2016,20:30,00:20,Voleibol,Feminino - Primeira fase
BK045,14/08/2016,22:30,00:15,Basquetebol,Masculino - Primeira fase
BV028,14/08/2016,23:00,00:50,Vôlei de praia,Feminino - Quartas de final
BD013,15/08/2016,08:30,13:30,Badminton,Simples masculino - Oitavas; Duplas - Quartas de final
OW001,15/08/2016,09:00,11:40,Maratonas aquáticas,Maratona Aquática Feminina
CF001,15/08/2016,09:00,11:30,Canoagem velocidade,Masculino e Feminino - Classificatórias e semifinais
AT006,15/08/2016,09:30,12:15,Atletismo,Masculino e Feminino - Preliminares; Finais
VO028,15/08/2016,09:30,13:20,Voleibol,Masculino - Primeira fase
HB028,15/08/2016,09:30,13:00,Handebol,Masculino - Primeira fase
ED004,15/08/2016,10:00,13:50,Hipismo adestramento,Adestramento Individual - Finais
TT026,15/08/2016,10:00,13:00,Tênis de mesa,Equipes Femininas - Semifinais
HO033,15/08/2016,10:00,14:45,Hóquei sobre grama,Feminino - Quartas de final
WG003,15/08/2016,10:00,13:00,Luta greco-romana,Masculino 85kg; 130kg
CT006,15/08/2016,10:00,11:20,Ciclismo de pista,Masculino e Feminino - Classificatórias
SY002,15/08/2016,11:00,13:15,Nado sincronizado,Feminino - Dueto Rotina Técnica
BX019,15/08/2016,11:00,13:15,Boxe,Masculino e Feminino - Preliminares; Quartas e Semifinais
SA008,15/08/2016,13:00,16:45,Vela,Masculino e Feminino - Regatas; Regatas das Medalhas
GA013,15/08/2016,14:00,16:30,Ginástica artística,Masculino e Feminino - Finais de aparelhos
WP022,15/08/2016,14:10,16:50,Polo aquático,Feminino - Quartas de final
BK046,15/08/2016,14:15,16:00,Basquetebol,Masculino - Primeira fase
HB029,15/08/2016,14:40,18:10,Handebol,Masculino - Primeira fase
TT027,15/08/2016,15:00,18:00,Tênis de mesa,Equipes Masculinas - Semifinais
VO029,15/08/2016,15:00,18:50,Voleibol,Masculino - Primeira fase
DV008,15/08/2016,15:15,18:45,Saltos ornamentais,Trampolim 3m masculino - Preliminar
WL020,15/08/2016,15:30,17:30,Levantamento de peso,Masculino 105kg
WG004,15/08/2016,16:00,19:00,Luta greco-romana,Masculino 85kg; 130kg - Finais
CT007,15/08/2016,16:00,18:45,Ciclismo de pista,Masculino - Classific. e Finais; Feminino - Classific.
BV029,15/08/2016,16:00,17:50,Vôlei de praia,Masculino - Quartas de final
BX020,15/08/2016,17:00,19:45,Boxe,Masculino e Feminino - Preliminares; Quartas; Semis e Final
BD014,15/08/2016,17:30,23:00,Badminton,Simples feminino e masculino - Oitavas; Duplas mistas - SF
HO034,15/08/2016,18:00,22:45,Hóquei sobre grama,Feminino - Quartas de final
WP023,15/08/2016,18:20,21:00,Polo aquático,Feminino - Quartas de final
WL021,15/08/2016,19:00,21:00,Levantamento de peso,Masculino 105kg - Final
BK047,15/08/2016,19:00,20:45,Basquetebol,Masculino - Primeira fase
TT028,15/08/2016,19:30,22:30,Tênis de mesa,Equipes Masculinas - Semifinais
HB030,15/08/2016,19:50,23:20,Handebol,Masculino - Primeira fase
AT007,15/08/2016,20:15,22:50,Atletismo,Masculino e Feminino - Preliminares; Finais
VO030,15/08/2016,20:30,00:20,Voleibol,Masculino - Primeira fase
BK048,15/08/2016,22:30,00:15,Basquetebol,Masculino - Primeira fase
BV030,15/08/2016,23:00,00:50,Vôlei de praia,Masculino - Quartas de final
BD015,16/08/2016,08:30,12:30,Badminton,Duplas femininas e masculinas - Semifinais
OW002,16/08/2016,09:00,11:40,Maratonas aquáticas,Maratona Aquática Masculina
CF002,16/08/2016,09:00,10:40,Canoagem velocidade,Masculino e Feminino - Finais
AT008,16/08/2016,09:30,12:40,Atletismo,Masculino e Feminino - Preliminares; Finais
VO031,16/08/2016,10:00,12:00,Voleibol,Feminino - Quartas de Final
HB031,16/08/2016,10:00,12:00,Handebol,Feminino - Quartas de final
WG005,16/08/2016,10:00,13:00,Luta greco-romana,Masculino 66kg; 98kg
CT008,16/08/2016,10:00,11:50,Ciclismo de pista,Masculino - Classific.; Feminino - Classific. e Quartas
ES002,16/08/2016,10:00,13:30,Hipismo saltos,Saltos por Equipes - Classificatória
DV009,16/08/2016,10:00,11:50,Saltos ornamentais,Trampolim 3m masculino - Semifinal
TT029,16/08/2016,11:00,14:00,Tênis de mesa,Equipes Femininas - Bronze
BK049,16/08/2016,11:00,12:45,Basquetebol,Feminino - Quarta de final
BX021,16/08/2016,11:00,13:15,Boxe,Masculino e Feminino - Quartas e Semifinais
WP024,16/08/2016,11:00,13:40,Polo aquático,Masculino - Quartas de final
HO035,16/08/2016,12:00,14:15,Hóquei sobre grama,Masculino - Semifinais
FB032,16/08/2016,13:00,15:00,Futebol,Feminino - semifinal
SA009,16/08/2016,13:00,16:45,Vela,Masculino e Feminino - Regatas; Regatas das Medalhas
HB032,16/08/2016,13:30,15:30,Handebol,Feminino - Quartas de final
SY003,16/08/2016,14:00,15:30,Nado sincronizado,Feminino - Dueto Rotina Livre Final
VO032,16/08/2016,14:00,16:00,Voleibol,Feminino - Quartas de Final
GA014,16/08/2016,14:00,16:20,Ginástica artística,Masculino e Feminino - Finais de aparelhos
BK050,16/08/2016,14:30,16:15,Basquetebol,Feminino - Quarta de final
WP025,16/08/2016,15:10,17:50,Polo aquático,Masculino - Quartas de final
WL022,16/08/2016,15:30,17:30,Levantamento de peso,Masculino acima de 105kg
FB031,16/08/2016,16:00,18:00,Futebol,Feminino - semifinal
WG006,16/08/2016,16:00,19:00,Luta greco-romana,Masculino 66kg; 98kg - Finais
CT009,16/08/2016,16:00,18:50,Ciclismo de pista,Masculino - Classific. e Final; Feminino - Semis e Final
BV031,16/08/2016,16:00,17:50,Vôlei de praia,Masculino e/ou Feminino - Semifinais
HB033,16/08/2016,17:00,19:00,Handebol,Feminino - Quartas de final
BX022,16/08/2016,17:00,19:45,Boxe,Masculino e Feminino - Quartas; Semis e Final
HO036,16/08/2016,17:00,19:15,Hóquei sobre grama,Masculino - Semifinais
BD016,16/08/2016,17:30,23:00,Badminton,Simples feminino - Quartas; Duplas mistas - Bronze
VO033,16/08/2016,18:00,20:00,Voleibol,Feminino - Quartas de Final
DV010,16/08/2016,18:00,20:00,Saltos ornamentais,Trampolim 3m masculino - Final
BK051,16/08/2016,18:45,20:30,Basquetebol,Feminino - Quarta de final
WL023,16/08/2016,19:00,21:00,Levantamento de peso,Masculino acima de 105kg - Final
TT030,16/08/2016,19:30,22:45,Tênis de mesa,Equipes Femininas - Final
AT009,16/08/2016,20:15,22:50,Atletismo,Masculino e Feminino - Preliminares; Semifinais; Finais
HB034,16/08/2016,20:30,22:30,Handebol,Feminino - Quartas de final
BK052,16/08/2016,22:15,00:00,Basquetebol,Feminino - Quarta de final
VO034,16/08/2016,22:15,00:15,Voleibol,Feminino - Quartas de Final
BV032,16/08/2016,23:00,00:50,Vôlei de praia,Masculino e/ou Feminino - Semifinais
GO005,17/08/2016,07:30,16:00,Golfe,Feminino - Volta 1
BD017,17/08/2016,08:30,13:30,Badminton,Simples masculino - Quartas; Duplas mistas - Final
TK001,17/08/2016,09:00,13:00,Taekwondo,Masculino até 58kg e Feminino até 49kg - Preliminares
CF003,17/08/2016,09:00,11:05,Canoagem velocidade,Masculino e Feminino - Classificatórias e semifinais
AT010,17/08/2016,09:30,13:05,Atletismo,Masculino e Feminino - Preliminares; Final
WF001,17/08/2016,10:00,13:00,Luta livre,Feminino 48kg; 58kg; 69kg
VO035,17/08/2016,10:00,12:00,Voleibol,Masculino - Quartas de Final
HB035,17/08/2016,10:00,12:00,Handebol,Masculino - Quartas de final
ES003,17/08/2016,10:00,12:45,Hipismo saltos,Saltos por Equipes - Final
TT031,17/08/2016,11:00,14:00,Tênis de mesa,Equipes Masculinas - Bronze
WP026,17/08/2016,11:00,13:40,Polo aquático,Feminino - Classificação e Semifinal
GG001,17/08/2016,11:00,12:30,Ginástica Gala,Ginástica Gala
BK053,17/08/2016,11:00,12:45,Basquetebol,Masculino - Quarta de final
HO037,17/08/2016,12:00,14:15,Hóquei sobre grama,Feminino - Semifinais
SA010,17/08/2016,13:00,16:45,Vela,Masculino e Feminino - Regatas das Medalhas
FB034,17/08/2016,13:00,15:00,Futebol,Masculino - semifinal
CB001,17/08/2016,13:30,15:25,Ciclismo BMX,Masculino e Feminino - Volta Classificatória
HB036,17/08/2016,13:30,15:30,Handebol,Masculino - Quartas de final
BX023,17/08/2016,14:00,17:00,Boxe,Masculino e Feminino - Quartas de final; Semifinais e Final
VO036,17/08/2016,14:00,16:00,Voleibol,Masculino - Quartas de Final
BK054,17/08/2016,14:30,16:15,Basquetebol,Masculino - Quarta de final
GG002,17/08/2016,15:00,16:30,Ginástica Gala,Ginástica Gala
TK002,17/08/2016,15:00,18:00,Taekwondo,Masculino até 58kg e Feminino até 49kg - Quartas e Semis
DV011,17/08/2016,15:00,18:10,Saltos ornamentais,Plataforma 10m feminino - Preliminar
WP027,17/08/2016,15:10,17:50,Polo aquático,Feminino - Classificação e Semifinal
WF002,17/08/2016,16:00,19:00,Luta livre,Feminino 48kg; 58kg; 69kg - Finais
FB033,17/08/2016,16:00,18:00,Futebol,Masculino - semifinal
HO038,17/08/2016,17:00,19:15,Hóquei sobre grama,Feminino - Semifinais
HB037,17/08/2016,17:00,19:00,Handebol,Masculino - Quartas de final
AT011,17/08/2016,17:45,23:05,Atletismo,Masculino e Feminino - Preliminares; Semifinais; Finais
VO037,17/08/2016,18:00,20:00,Voleibol,Masculino - Quartas de Final
BK055,17/08/2016,18:45,20:30,Basquetebol,Masculino - Quarta de final
TT032,17/08/2016,19:30,22:45,Tênis de mesa,Equipes Masculinas - Final
TK003,17/08/2016,20:00,23:05,Taekwondo,Masculino até 58kg e Feminino até 49kg - Repescagens; Finais
HB038,17/08/2016,20:30,22:30,Handebol,Masculino - Quartas de final
BV033,17/08/2016,22:00,01:10,Vôlei de praia,Feminino - Bronze e Final
BK056,17/08/2016,22:15,00:00,Basquetebol,Masculino - Quarta de final
VO038,17/08/2016,22:15,00:15,Voleibol,Masculino - Quartas de Final
GO006,18/08/2016,07:30,16:00,Golfe,Feminino - Volta 2
BD018,18/08/2016,08:30,13:30,Badminton,Simples feminino - Semifinais; Duplas - Bronze e Final
TK004,18/08/2016,09:00,13:00,Taekwondo,Masculino até 68kg e Feminino até 57kg - Preliminares
CF004,18/08/2016,09:00,10:25,Canoagem velocidade,Masculino e Feminino - Finais
AT012,18/08/2016,09:30,16:25,Atletismo,Masculino e Feminino - Preliminares; Finais
WF003,18/08/2016,10:00,13:00,Luta livre,Feminino 53kg; 63kg; 75kg
MP001,18/08/2016,10:00,13:00,Pentatlo moderno,Feminino - Prova classificatória de Esgrima
DV012,18/08/2016,10:00,11:30,Saltos ornamentais,Plataforma 10m feminino - Semifinal
WP028,18/08/2016,11:00,13:40,Polo aquático,Masculino - Classificação e Semifinal
TR001,18/08/2016,11:00,13:15,Triatlo,Masculino - Final
HO039,18/08/2016,12:00,14:15,Hóquei sobre grama,Masculino - Bronze
SY004,18/08/2016,13:00,13:50,Nado sincronizado,Feminino - Rotina Técnica por Equipes
VO039,18/08/2016,13:00,15:00,Voleibol,Feminino - Semifinais
SA011,18/08/2016,13:00,16:45,Vela,Masculino e Feminino - Regatas das Medalhas
CB002,18/08/2016,13:30,14:35,Ciclismo BMX,Masculino - Quartas
BX024,18/08/2016,14:00,16:00,Boxe,Masculino e Feminino - Semifinais e Final
MP002,18/08/2016,14:30,17:30,Pentatlo moderno,Masculino - Prova classificatória de Esgrima
BK057,18/08/2016,15:00,17:00,Basquetebol,Feminino - Semifinal
TK005,18/08/2016,15:00,18:00,Taekwondo,Masculino até 68kg e Feminino até 57kg - Quartas e Semis
WP029,18/08/2016,15:10,17:50,Polo aquático,Masculino - Classificação e Semifinal
HB039,18/08/2016,15:30,17:30,Handebol,Feminino - Semifinal
WF004,18/08/2016,16:00,19:00,Luta livre,Feminino 53kg; 63kg; 75kg - Finais
DV013,18/08/2016,16:00,17:30,Saltos ornamentais,Plataforma 10m feminino - Final
HO040,18/08/2016,17:00,19:30,Hóquei sobre grama,Masculino - Final
AT013,18/08/2016,18:35,22:35,Atletismo,Masculino e Feminino - Preliminares; Semifinais; Finais
BK058,18/08/2016,19:00,21:00,Basquetebol,Feminino - Semifinal
TK006,18/08/2016,20:00,23:05,Taekwondo,Masculino até 68kg e Feminino até 57kg - Repescagens; Finais
HB040,18/08/2016,20:30,22:30,Handebol,Feminino - Semifinal
BV034,18/08/2016,22:00,01:10,Vôlei de praia,Masculino - Bronze e Final
VO040,18/08/2016,22:15,00:15,Voleibol,Feminino - Semifinais
GO007,19/08/2016,07:30,16:00,Golfe,Feminino - Volta 3
AW002,19/08/2016,08:00,13:00,Atletismo (Marcha atlética),Marcha atlética 50km masculina
BD019,19/08/2016,08:30,13:30,Badminton,Simples masculino e feminino - SF e Final; Duplas - Final
TK007,19/08/2016,09:00,13:00,Taekwondo,Masculino até 80kg e Feminino até 67kg - Preliminares
CF005,19/08/2016,09:00,10:45,Canoagem velocidade,Masculino e Feminino - Classificatórias e semifinais
WP030,19/08/2016,10:00,12:40,Polo aquático,Feminino - Classificação e Bronze
WF005,19/08/2016,10:00,13:00,Luta livre,Masculino 57kg; 74kg
ES004,19/08/2016,10:00,14:40,Hipismo saltos,Salto Individual - Final
GR001,19/08/2016,10:20,13:20,Ginástica rítmica,Competição individual geral feminina - Classificatórias
MP003,19/08/2016,12:00,18:35,Pentatlo moderno,Competição Feminina (todas as disciplinas)
HO041,19/08/2016,12:00,14:45,Hóquei sobre grama,Feminino - Bronze
SY005,19/08/2016,12:00,13:30,Nado sincronizado,Feminino - Rotina Livre por Equipes
FB035,19/08/2016,13:00,16:00,Futebol,Feminino - bronze
VO041,19/08/2016,13:00,15:00,Voleibol,Masculino - Semifinais
CB003,19/08/2016,13:30,15:45,Ciclismo BMX,Masculino e Feminino - Semifinais e Finais
MP004,19/08/2016,14:00,18:35,Pentatlo moderno,Competição Feminina (4 disciplinas)
BX025,19/08/2016,14:00,16:30,Boxe,Masculino e Feminino - Semifinais e Final
WP031,19/08/2016,14:10,17:20,Polo aquático,Feminino - Classificação e Final
AW003,19/08/2016,14:30,17:00,Atletismo (Marcha atlética),Marcha atlética 20km feminina
GR002,19/08/2016,14:50,17:50,Ginástica rítmica,Competição individual geral feminina - Classificatórias
MP005,19/08/2016,15:00,19:00,Pentatlo moderno,Competição Feminina (3 disciplinas)
TK008,19/08/2016,15:00,18:00,Taekwondo,Masculino até 80kg e Feminino até 67kg - Quartas e Semis
HB041,19/08/2016,15:30,17:30,Handebol,Masculino - Semifinal
BK059,19/08/2016,15:30,17:30,Basquetebol,Masculino - Semifinal
WF006,19/08/2016,16:00,19:00,Luta livre,Masculino 57kg; 74kg - Finais
DV014,19/08/2016,16:00,19:10,Saltos ornamentais,Plataforma 10m masculino - Preliminar
HO042,19/08/2016,17:00,19:30,Hóquei sobre grama,Feminino - Final
FB036,19/08/2016,17:30,20:00,Futebol,Feminino - ouro
BK060,19/08/2016,19:00,21:00,Basquetebol,Masculino - Semifinal
TK009,19/08/2016,20:00,23:05,Taekwondo,Masculino até 80kg e Feminino até 67kg - Repescagens; Finais
AT014,19/08/2016,20:10,22:45,Atletismo,Masculino e Feminino - Preliminares; Finais
HB042,19/08/2016,20:30,22:30,Handebol,Masculino - Semifinal
VO042,19/08/2016,22:15,00:15,Voleibol,Masculino - Semifinais
GO008,20/08/2016,07:00,15:50,Golfe,Feminino - Volta final
BD020,20/08/2016,08:30,11:00,Badminton,Simples masculino - Finais
TK010,20/08/2016,09:00,13:00,Taekwondo,Masculino +80kg e Feminino +67kg - Preliminares e Oitavas
CF006,20/08/2016,09:00,10:30,Canoagem velocidade,Masculino e Feminino - Finais
GR003,20/08/2016,10:00,11:10,Ginástica rítmica,Competição por equipes femininas - Classificatórias
WF007,20/08/2016,10:00,13:00,Luta livre,Masculino 86kg; 125kg
TR002,20/08/2016,11:00,13:30,Triatlo,Feminino - Final
DV015,20/08/2016,11:00,12:50,Saltos ornamentais,Plataforma 10m masculino - Semifinal
HB043,20/08/2016,11:30,13:30,Handebol,Feminino - Bronze
BK061,20/08/2016,11:30,13:30,Basquetebol,Feminino - Bronze
WP032,20/08/2016,11:40,14:20,Polo aquático,Masculino - Classificação e Bronze
MP006,20/08/2016,12:00,18:35,Pentatlo moderno,Competição Masculina (todas as disciplinas)
CM001,20/08/2016,12:30,14:30,Ciclismo mountain bike,Cross-country feminino - Final
GR004,20/08/2016,12:40,13:50,Ginástica rítmica,Competição por equipes femininas - Classificatórias
VO043,20/08/2016,13:00,15:00,Voleibol,Feminino - Bronze
FB037,20/08/2016,13:00,15:30,Futebol,Masculino - bronze
MP007,20/08/2016,14:00,18:35,Pentatlo moderno,Competição Masculina (4 disciplinas)
BX026,20/08/2016,14:00,15:30,Boxe,Masculino e Feminino - Finais
MP008,20/08/2016,15:00,19:00,Pentatlo moderno,Competição Masculina (3 disciplinas)
TK011,20/08/2016,15:00,18:00,Taekwondo,Masculino +80kg e Feminino +67kg - Quartas e Semifinais
GR005,20/08/2016,15:20,17:45,Ginástica rítmica,Competição individual geral feminina - Final
HB044,20/08/2016,15:30,17:45,Handebol,Feminino - Final
BK062,20/08/2016,15:30,17:50,Basquetebol,Feminino - Final
WF008,20/08/2016,16:00,19:00,Luta livre,Masculino 86kg; 125kg - Finais
WP033,20/08/2016,16:30,19:40,Polo aquático,Masculino - Classificação e Final
DV016,20/08/2016,16:30,18:10,Saltos ornamentais,Plataforma 10m masculino - Final
FB038,20/08/2016,17:30,20:00,Futebol,Masculino - ouro
TK012,20/08/2016,20:00,23:05,Taekwondo,Masculino +80kg e Feminino +67kg - Repescagens e Finais
AT015,20/08/2016,20:10,23:00,Atletismo,Masculino e Feminino - Preliminares; Finais
VO044,20/08/2016,22:15,00:30,Voleibol,Feminino - Final
WF009,21/08/2016,08:30,11:15,Luta livre,Masculino 65kg; 97kg
AM002,21/08/2016,09:30,12:15,Atletismo (Maratona),Maratona Masculina
VO045,21/08/2016,09:30,11:30,Voleibol,Masculino - Bronze
HB045,21/08/2016,10:30,12:30,Handebol,Masculino - Bronze
GR006,21/08/2016,11:00,12:45,Ginástica rítmica,Competição por equipes femininas - Final
BK063,21/08/2016,11:30,13:30,Basquetebol,Masculino - Bronze
CM002,21/08/2016,12:30,14:30,Ciclismo mountain bike,Cross-country masculino - Final
WF010,21/08/2016,12:45,15:15,Luta livre,Masculino 65kg; 97kg - Finais
VO046,21/08/2016,13:15,15:30,Voleibol,Masculino - Final
BX027,21/08/2016,14:00,16:00,Boxe,Masculino e Feminino - Finais
HB046,21/08/2016,14:00,16:15,Handebol,Masculino - Final
BK064,21/08/2016,15:45,18:05,Basquetebol,Masculino - Final
ZC001,21/08/2016,19:15,23:00,Cerimônia de Encerramento,Cerimônia de Encerramento